address,zip
1726 10th St,94710
1731 10th St,94710
1809 10th St,94710
1911 10th St,94710
1914 10th St,94710
1920 10th St,94710
1925 10th St,94710
2113 10th St,94710
2116 10th St,94710
2215 10th St,94710
2314 10th St,94710
2321 10th St,94710
2323 10th St,94710
2327 10th St,94710
2328 10th St,94710
2334 10th St,94710
2424 10th St,94710
2449 10th St,94710
2530 10th St,94710
2600 10th St,94710
2709 10th St,94710
1805 2nd St,94710
1832 2nd St,94710
2222 3rd St,94710
1301 46th Richmond Field Statio St,94720
1332 4th St,94710
1355 4th St,94710
1401 4th St,94710
1440 4th St,94710
1450 4th St,94710
1456 4th St,94710
1510 4th St,94710
1608 4th St,94710
1717 4th St,94710
1799 4th St,94710
1808 4th St,94710
1809 4th St,94710
1815 4th St,94710
1901 4th St,94710
1911 4th St,94710
2060 4th St,94710
2115 4th St,94710
2117 4th St,94710
2321 4th St,94710
2323 4th St,94710
2325 4th St,94710
2332 4th St,94710
2421 4th St,94710
1409 5th St,94710
1418 5th St,94710
1719 5th St,94710
1822 5th St,94710
2001 5th St,94710
2332 5th St,94710
2413 5th St,94710
2430 5th St,94710
1608 62nd St,94703
1611 62nd St,94703
1613 62nd St,94703
1614 62nd St,94703
1630 62nd St,94703
1638 62nd St,94703
1804 62nd St,94703
1806 62nd St,94703
1611 63rd St,94703
1612 63rd St,94703
1614 63rd St,94703
1634 63rd St,94703
1704 63rd St,94703
1715 63rd St,94703
1813 63rd St,94703
1814 63rd St,94703
1340 67th St,94702
1240 6th St,94710
1328 6th St,94710
1434 6th St,94710
1446 6th St,94710
1505 6th St,94710
1613 6th St,94710
1732 6th St,94710
1735 6th St,94710
1800 6th St,94710
1917 6th St,94710
2110 6th St,94710
2120 6th St,94710
2126 6th St,94710
2198 6th St,94710
2203 6th St,94710
2320 6th St,94710
2417 6th St,94710
1331 7th St,94710
1405 7th St,94710
1415 7th St,94710
1419 7th St,94710
1425 7th St,94710
1650 7th St,94710
1660 7th St,94710
1728 7th St,94710
1738 7th St,94710
1814 7th St,94710
1817 7th St,94710
1820 7th St,94710
1900 7th St,94710
1912 7th St,94710
1914 7th St,94710
1916 7th St,94710
2019 7th St,94710
2121 7th St,94710
2226 7th St,94710
2238 7th St,94710
2328 7th St,94710
2335 7th St,94710
2348 7th St,94710
2431 7th St,94710
2432 7th St,94710
2433 7th St,94710
2607 7th St,94710
2703 7th St,94710
2910 7th St,94710
2929 7th St,94710
1125 8th Albany St,94720
1101 8th St,94710
1321 8th St,94710
1331 8th St,94710
1407 8th St,94710
1416 8th St,94710
1636 8th St,94710
1909 8th St,94710
1924 8th St,94710
1929 8th St,94710
1948 8th St,94710
2028 8th St,94710
2113 8th St,94710
2116 8th St,94710
2229 8th St,94710
2314 8th St,94710
2330 8th St,94710
2418 8th St,94710
2426 8th St,94710
2428 8th St,94710
2430 8th St,94710
2431 8th St,94710
2434 8th St,94710
2436 8th St,94710
2437 8th St,94710
2439 8th St,94710
2547 8th St,94710
2612 8th St,94710
1412 9th St,94710
1416 9th St,94710
1420 9th St,94710
1427 9th St,94710
1721 9th St,94710
1810 9th St,94710
1819 9th St,94710
1900 9th St,94710
1910 9th St,94710
2018 9th St,94710
2035 9th St,94710
2110 9th St,94710
2112 9th St,94710
2123 9th St,94710
2124 9th St,94710
2125 9th St,94710
2217 9th St,94710
2233 9th St,94710
2241 9th St,94710
2311 9th St,94710
2312 9th St,94710
2313 9th St,94710
2320 9th St,94710
2324 9th St,94710
2331 9th St,94710
2332 9th St,94710
2333 9th St,94710
2344 9th St,94710
2429 9th St,94710
2435 9th St,94710
2501 9th St,94710
2512 9th St,94710
2531 9th St,94710
2550 9th St,94710
2560 9th St,94710
2570 9th St,94710
2608 9th St,94710
2748 9th St,94710
2777 9th St,94710
2909 9th St,94710
2919 9th St,94710
206 A E Bldg,94720
300 A E Bldg,94720
1820 Acton St,94702
1940 Acton St,94702
2110 Acton St,94702
2116 Acton St,94702
2155 Acton St,94702
2305 Acton St,94702
2309 Acton St,94702
2508 Acton St,94702
2919 Acton St,94702
3130 Acton St,94702
1115 Addison St,94702
1117 Addison St,94702
1121 Addison St,94702
1135 Addison St,94702
1138 Addison St,94702
1139 Addison St,94702
1250 Addison St,94702
1310 Addison St,94702
1311 Addison St,94702
1320 Addison St,94702
1321 Addison St,94702
1324 Addison St,94702
1410 Addison St,94702
1420 Addison St,94702
1422 Addison St,94702
1426 Addison St,94702
1473 Addison St,94702
1609 Addison St,94703
1613 Addison St,94703
1739 Addison St,94703
1807 Addison St,94703
1811 Addison St,94703
1815 Addison St,94703
1819 Addison St,94703
1900 Addison St,94704
1911 Addison St,94704
1912 Addison St,94704
1913 Addison St,94704
1915 1/2 Addison St,94704
1919 Addison St,94704
1935 Addison St,94704
1950 Addison St,94704
2001 Addison St,94704
2002 Addison St,94704
2030 Addison St,94704
2080 Addison St,94720
2087 Addison St,94704
2112 Addison St,94704
2119 Addison St,94704
605 Addison St,94710
651 Addison St,94710
732 Addison St,94710
741 Addison St,94710
743 Addison St,94710
933 Addison St,94710
2748 Adeline St,94703
2750 Adeline St,94703
2808 Adeline St,94703
2810 Adeline St,94703
2820 Adeline St,94703
2870 Adeline St,94703
2910 Adeline St,94703
2914 Adeline St,94703
2918 Adeline St,94703
2930 Adeline St,94703
2932 Adeline St,94703
2934 Adeline St,94703
2996 Adeline St,94703
3051 Adeline St,94703
3075 Adeline St,94703
3175 Adeline St,94703
3224 Adeline St,94703
3228 Adeline St,94703
3253 Adeline St,94703
3286 Adeline St,94703
3380 Adeline St,94703
3411 Adeline St,94703
1274 Alcatraz Ave,94702
1304 Alcatraz Ave,94702
1330 Alcatraz Ave,94702
1420 Alcatraz Ave,94702
1438 Alcatraz Ave,94702
1499 Alcatraz Ave,94702
1521 Alcatraz Ave,94703
1525 Alcatraz Ave,94703
1529 Alcatraz Ave,94703
1531 Alcatraz Ave,94703
1614 Alcatraz Ave,94703
1623 Alcatraz Ave,94703
1631 Alcatraz Ave,94703
1634 Alcatraz Ave,94703
1730 Alcatraz Ave,94703
1820 Alcatraz Ave,94703
1826 Alcatraz Ave,94703
1871 Alcatraz Ave,94703
1896 Alcatraz Ave,94703
1898 Alcatraz Ave,94703
1900 Alcatraz Ave,94703
1926 Alcatraz Ave,94703
1937 Alcatraz Ave,94703
2612 Alcatraz Ave,94705
2711 Alcatraz Ave,94705
2714 Alcatraz Ave,94705
1112 Allston Way,94702
1406 Allston Way,94702
1408 Allston Way,94702
1410 Allston Way,94702
1417 Allston Way,94702
1419 Allston Way,94702
1429 Allston Way,94702
1701 Allston Way,94703
2070 Allston Way,94704
2108 Allston Way,94720
2115 Allston Way,94704
2116 Allston Way,94704
2120 Allston Way,94704
2121 Allston Way,94720
2150 Allston Way,94704
2161 Allston Way,94704
727 Allston Way,94710
840 Allston Way,94710
1 Alumni House,94720
201 Animal Facility,94720
203 Animal Facility,94720
1411 Arch St,94708
1421 Arch St,94708
1432 Arch St,94708
1434 Arch St,94708
1525 Arch St,94708
1526 Arch St,94708
1530 Arch St,94708
1671 Arch St,94709
1685 Arch St,94709
1717 Arch St,94709
1729 Arch St,94709
1750 Arch St,94720
1850 Arch St,94709
1862 Arch St,94709
1876 Arch St,94709
1890 Arch St,94709
264 Arlington Ave,94707
267 Arlington Ave,94707
268 Arlington Ave,94707
303 Arlington Ave,94707
316 Arlington Ave,94707
1212 Ashby Ave,94702
1214 Ashby Ave,94702
1222 Ashby Ave,94702
1224 Ashby Ave,94702
1225 Ashby Ave,94702
1226 Ashby Ave,94702
1228 Ashby Ave,94702
1232 Ashby Ave,94702
1234 Ashby Ave,94702
1236 Ashby Ave,94702
1238 Ashby Ave,94702
1244 Ashby Ave,94702
1246 Ashby Ave,94702
1247 Ashby Ave,94702
1248 Ashby Ave,94702
1316 Ashby Ave,94702
1317 Ashby Ave,94702
1323 Ashby Ave,94702
1325 Ashby Ave,94702
1327 Ashby Ave,94702
1419 Ashby Ave,94702
1521 Ashby Ave,94703
1527 Ashby Ave,94703
1619 Ashby Ave,94703
1621 Ashby Ave,94703
1628 Ashby Ave,94703
1640 Ashby Ave,94703
1647 Ashby Ave,94703
1717 Ashby Ave,94703
1829 Ashby Ave,94703
1888 Ashby Ave,94703
1911 Ashby Ave,94703
1953 Ashby Ave,94703
1993 Ashby Ave,94703
2030 Ashby Ave,94703
2034 Ashby Ave,94703
2040 Ashby Ave,94703
2076 Ashby Ave,94703
2110 1/2 Ashby Ave,94705
2111 Ashby Ave,94705
2112 Ashby Ave,94705
2127 Ashby Ave,94705
2130 Ashby Ave,94705
2180 Ashby Ave,94705
2216 Ashby Ave,94705
2218 Ashby Ave,94705
2235 Ashby Ave,94705
2301 Ashby Ave,94705
2414 Ashby Ave,94705
2418 Ashby Ave,94705
2439 Ashby Ave,94705
2459 Ashby Ave,94705
2507 Ashby Ave,94705
2515 Ashby Ave,94705
2525 Ashby Ave,94705
2600 Ashby Ave,94705
2615 Ashby Ave,94705
2626 Ashby Ave,94705
2629 Ashby Ave,94705
2631 Ashby Ave,94705
2706 Ashby Ave,94705
2710 Ashby Ave,94705
3030 Ashby Ave,94705
2723 Ashby Pl,94705
2727 Ashby Pl,94705
2731 1/2 Ashby Pl,94705
2737 Ashby Pl,94705
2420 Atherton St,94704
2425 Atherton St,94720
3216 Baker St,94702
1028 Bancroft Way,94710
1128 Bancroft Way,94702
1130 Bancroft Way,94702
1437 Bancroft Way,94702
1631 Bancroft Way,94703
1845 Bancroft Way,94703
2020 Bancroft Way,94704
2036 Bancroft Way,94704
2040 Bancroft Way,94704
2041 Bancroft Way,94704
2105 Bancroft Way,94720
2111 Bancroft Way,94720
2126 Bancroft Way,94704
2200 Bancroft Way,94720
2222 Bancroft Way,94720
2301 Bancroft Way,94720
2428 Bancroft Way,94704
2440 Bancroft Way,94704
2452 Bancroft Way,94704
2454 Bancroft Way,94704
2468 Bancroft Way,94704
2510 Bancroft Way,94704
2680B Bancroft Way,94704
800 Bancroft Way,94710
830 Bancroft Way,94710
834 Bancroft Way,94710
845 Bancroft Way,94710
855 Bancroft Way,94710
401 Banway Bldg,94720
550 Banway Bldg,94720
40 Barker Hall,94720
401 Barker Hall,94720
210 Barrows Hall,94720
250 Barrows Hall,94720
26 Barrows Hall,94720
310 Barrows Hall,94720
358 Barrows Hall,94720
410 Barrows Hall,94720
506 Barrows Hall,94720
608 Barrows Hall,94720
642 Barrows Hall,94720
646 Barrows Hall,94720
660 Barrows Hall,94720
802 Barrows Hall,94720
3019 Bateman St,94705
220 Bechtel Eng Hall,94720
230 Bechtel Eng Hall,94720
2500 Benvenue Ave,94704
2501 Benvenue Ave,94704
2508 Benvenue Ave,94704
2515 Benvenue Ave,94704
2524 Benvenue Ave,94704
2525 Benvenue Ave,94704
2529 Benvenue Ave,94704
2534 Benvenue Ave,94704
2537 Benvenue Ave,94704
2540 Benvenue Ave,94704
2545 Benvenue Ave,94704
2603 Benvenue Ave,94704
2606 Benvenue Ave,94704
2608 Benvenue Ave,94704
2611 Benvenue Ave,94704
2619 Benvenue Ave,94704
2620 Benvenue Ave,94704
2626 Benvenue Ave,94704
2633 Benvenue Ave,94704
2649 Benvenue Ave,94704
2715 Benvenue Ave,94705
2728 Benvenue Ave,94705
2732 Benvenue Ave,94705
2735 Benvenue Ave,94705
2820 Benvenue Ave,94705
2915 Benvenue Ave,94705
2918 Benvenue Ave,94705
3020 Benvenue Ave,94705
3044 Benvenue Ave,94705
3100 Benvenue Ave,94705
350 Berkeley Park Blvd,94707
353 Berkeley Park Blvd,94707
100 Berkeley Sq,94704
1239 Berkeley Way,94702
1246 Berkeley Way,94702
1250 Berkeley Way,94702
1310 Berkeley Way,94702
1360 Berkeley Way,94702
1370 Berkeley Way,94702
1393 Berkeley Way,94702
1431 Berkeley Way,94702
1433 Berkeley Way,94702
1524 Berkeley Way,94703
1533 Berkeley Way,94703
1616 Berkeley Way,94703
1622 Berkeley Way,94703
1646 Berkeley Way,94703
1721 Berkeley Way,94703
1728 Berkeley Way,94703
1735 Berkeley Way,94703
1743 Berkeley Way,94703
1806 Berkeley Way,94703
1810 Berkeley Way,94703
1822 Berkeley Way,94703
1829 Berkeley Way,94703
1833 Berkeley Way,94703
1888 Berkeley Way,94703
1909 Berkeley Way,94704
1911 Berkeley Way,94704
1913 Berkeley Way,94704
1945 Berkeley Way,94704
2005 Berkeley Way,94704
2008 Berkeley Way,94704
2017 Berkeley Way,94704
1910 Berryman St,94709
1936 Berryman St,94709
1111 Blake St,94702
1116 Blake St,94702
1215 Blake St,94702
1331 Blake St,94702
1501 Blake St,94703
1620 Blake St,94703
1621 Blake St,94703
1711 Blake St,94703
1717 Blake St,94703
1734 Blake St,94703
1742 Blake St,94703
1809 Blake St,94703
1814 Blake St,94703
1821 Blake St,94703
1844 Blake St,94703
1930 Blake St,94704
1936 Blake St,94704
2016 Blake St,94704
2020 Blake St,94704
2021 Blake St,94704
2030 Blake St,94704
2034 Blake St,94704
2121 Blake St,94704
2124 Blake St,94704
2131 Blake St,94704
2172 Blake St,94704
2212 Blake St,94704
2219 Blake St,94704
2231 Blake St,94704
2232 Blake St,94704
2240 Blake St,94704
2309 Blake St,94704
2316 Blake St,94704
2317 Blake St,94704
2321 Blake St,94704
2324 Blake St,94704
2325 Blake St,94704
2330 Blake St,94704
2331 Blake St,94704
2336 Blake St,94704
2338 Blake St,94704
2417 Blake St,94704
2423 Blake St,94704
100 Blum Hall,94720
130 Blum Hall,94720
148 Boalt Hall,94720
175 Boalt Hall,94720
2110 Bonar St,94702
2112 Bonar St,94702
2121 Bonar St,94702
2128 Bonar St,94702
2201 Bonar St,94702
2207 Bonar St,94702
2215 Bonar St,94702
2223 Bonar St,94702
2227 Bonar St,94702
2235 Bonar St,94702
2249 Bonar St,94702
2334 Bonar St,94702
1275 Bonita Ave,94709
1301 Bonita Ave,94709
1316 Bonita Ave,94709
1331 Bonita Ave,94709
1435 Bonita Ave,94709
1438 Bonita Ave,94709
1510 Bonita Ave,94709
1515 Bonita Ave,94709
1518 Bonita Ave,94709
1609 Bonita Ave,94709
1626 Bonita Ave,94709
1802 Bonita Ave,94709
1806 Bonita Ave,94709
1810 Bonita Ave,94709
1901 Bonita Ave,94704
1903 Bonita Ave,94704
1915 Bonita Ave,94704
1921 Bonita Ave,94704
2334 Bowditch St,94720
2420 Bowditch St,94720
1 Bowles Hall,94720
2125 Browning St,94702
2132 Browning St,94702
2235 Browning St,94702
2236 Browning St,94702
2243 Browning St,94702
2334 Browning St,94702
2417 Browning St,94702
1308 Burnett St,94702
1310 Burnett St,94702
1316 Burnett St,94702
402F Business,94720
1 Cal Berkeley,94720
119 California Hall,94720
127 California Hall,94720
130 California Hall,94720
200 California Hall,94720
2223 California Hall,94720
1301 California St,94703
1731 California St,94703
1908 California St,94703
1929 California St,94703
1988 California St,94703
2091 California St,94703
2126 California St,94703
2217 California St,94703
2235 California St,94703
2425 California St,94703
2627 California St,94703
2721 California St,94703
2835 California St,94703
2875 California St,94703
2911 California St,94703
3000 California St,94703
3102 California St,94703
3116 California St,94703
3138 California St,94703
3202 California St,94703
3205 California St,94703
3208 California St,94703
3211 California St,94703
3302 California St,94703
722 Camelia St,94710
801 Camelia St,94710
1314 Campbell Hall,94720
201 Campbell Hall,94720
301 Campbell Hall,94720
601 Campbell Hall,94720
600 Canon Dr,94708
1025 Carleton St,94710
1215 Carleton St,94702
1403 Carleton St,94702
1405 Carleton St,94702
1409 Carleton St,94702
1504 Carleton St,94703
1615 Carleton St,94703
1719 Carleton St,94703
1735 Carleton St,94703
1813 Carleton St,94703
1816 Carleton St,94703
1937 Carleton St,94704
2000 Carleton St,94720
2021 Carleton St,94704
2119 Carleton St,94704
2211 Carleton St,94704
2317 Carleton St,94704
2319 Carleton St,94704
2409 Carleton St,94704
1299 Carlotta Ave,94707
1202 Carrison St,94702
1235 Carrison St,94702
1255 Carrison St,94702
1259 Carrison St,94702
1332 Carrison St,94702
1126 Cedar St,94702
1712 Cedar St,94703
1742 Cedar St,94703
1849 Cedar St,94703
1909 Cedar St,94709
2020 Cedar St,94709
2030 Cedar St,94709
2109 Cedar St,94709
2259 Cedar St,94709
2269 Cedar St,94709
2301 Cedar St,94708
2366 Cedar St,94708
1 Centennial Dr,94720
101 Centennial Dr,94720
200 Centennial Dr,94720
1907 Center St,94704
1947 Center St,94704
2000 Center St,94704
2001 Center St,94704
2055 Center St,94704
2130 Center St,94704
2138 Center St,94704
128 Cesar Chavez Ctr,94720
137 Cesar Chavez Ctr,94720
138 Cesar Chavez Ctr,94720
140 Cesar Chavez Ctr,94720
180 Cesar Chavez Ctr,94720
198 Cesar Chavez Ctr,94720
202 Cesar Chavez Ctr,94720
230 Cesar Chavez Ctr,94720
243 Cesar Chavez Ctr,94720
297 Cesar Chavez Ctr,94720
53 Cesar Chavez Ctr,94720
1019 Channing Way,94710
1336 Channing Way,94702
1616 Channing Way,94703
1626 Channing Way,94703
1711 Channing Way,94703
1802 Channing Way,94703
1914 Channing Way,94704
1918 Channing Way,94704
1924 Channing Way,94704
1930 Channing Way,94704
1942 Channing Way,94704
2001 Channing Way,94704
2010 Channing Way,94704
2012 Channing Way,94704
2012 1/2 Channing Way,94704
2014 Channing Way,94704
2019 Channing Way,94704
2020 Channing Way,94704
2021 Channing Way,94704
2023 Channing Way,94704
2029 Channing Way,94704
2035 Channing Way,94704
2100 Channing Way,94704
2118 Channing Way,94704
2125 Channing Way,94704
2150 Channing Way,94704
2201 Channing Way,94704
2211 Channing Way,94704
2214 Channing Way,94704
2215 Channing Way,94704
2217 Channing Way,94704
2219 Channing Way,94704
2225 Channing Way,94704
2226 Channing Way,94704
2232 Channing Way,94704
2233 Channing Way,94704
2236 Channing Way,94704
2239 Channing Way,94704
2311 Channing Way,94704
2313 Channing Way,94704
2325 Channing Way,94704
2329 Channing Way,94704
2332 Channing Way,94704
2333 Channing Way,94704
2336 Channing Way,94704
2338 Channing Way,94704
2425 Channing Way,94704
2490 Channing Way,94704
2510 Channing Way,94704
2515 Channing Way,94720
2520 Channing Way,94720
2521 Channing Way,94720
2535 Channing Way,94704
2536 Channing Way,94720
2538 Channing Way,94720
2539 Channing Way,94720
2601 Channing Way,94704
2610 Channing Way,94720
2700 Channing Way,94704
2709 Channing Way,94704
2715 Channing Way,94704
2717 Channing Way,94704
2724 Channing Way,94704
2811 Channing Way,94704
2900 Channing Way,94720
3415 Channing Way,94720
835 Channing Way,94710
839 Channing Way,94710
906 Channing Way,94710
937 Channing Way,94710
1104 Chaucer St,94702
2801 Cherry St,94705
1951 Chestnut St,94702
1955 Chestnut St,94702
2646 Claremont Ave,94705
2901 Claremont Ave,94705
2907 Claremont Ave,94705
2912 Claremont Ave,94705
2924 Claremont Ave,94705
2940 Claremont Ave,94705
3000 Claremont Ave,94705
7351 Claremont Ave,94705
544 Cleveland Ave,94710
3000 Colby St,94705
3010 Colby St,94705
3028 Colby St,94705
2251 College Ave,94720
2315 College Ave,94704
2319 College Ave,94704
2333 College Ave,94704
2409 College Ave,94704
2415 College Ave,94704
2431 College Ave,94704
2435 College Ave,94704
2510 College Ave,94704
2514 College Ave,94704
2519 College Ave,94704
2520 College Ave,94704
2530 College Ave,94704
2535 College Ave,94704
2536 College Ave,94704
2540 College Ave,94704
2550 College Ave,94704
2601 College Ave,94704
2617 College Ave,94704
2618 College Ave,94704
2619 College Ave,94704
2622 College Ave,94704
2623 College Ave,94704
2634 College Ave,94704
2635 College Ave,94704
2639 College Ave,94704
2640 College Ave,94704
2704 College Ave,94705
2708 College Ave,94705
2718 College Ave,94705
2720 College Ave,94705
2740 College Ave,94705
2747 College Ave,94705
2801 College Ave,94705
2811 College Ave,94705
2814 College Ave,94705
2815 College Ave,94705
2817 College Ave,94705
2828 College Ave,94705
2840 College Ave,94705
2887 College Ave,94705
2952 College Ave,94705
2980 College Ave,94705
3000 College Ave,94705
3001 College Ave,94705
3014 College Ave,94705
3017 College Ave,94705
3020 College Ave,94705
3037 College Ave,94705
3046 College Ave,94705
3048 College Ave,94705
3050 College Ave,94705
3100 College Ave,94705
3105 College Ave,94705
3110 College Ave,94705
3117 College Ave,94705
3118 College Ave,94705
3121 College Ave,94705
3125 College Ave,94705
3126 College Ave,94705
3130 College Ave,94705
3131 College Ave,94705
3133 College Ave,94705
3140 College Ave,94705
3141 College Ave,94705
3145 College Ave,94705
3154 College Ave,94705
3158 College Ave,94705
3160 College Ave,94705
3161 College Ave,94705
3200 College Ave,94705
3205 College Ave,94705
369 Colusa Ave,94707
375 Colusa Ave,94707
376 Colusa Ave,94707
384 Colusa Ave,94707
900 Colusa Ave,94707
910 Colusa Ave,94707
231 Cory Hall,94720
253 Cory Hall,94720
1113 Cowper St,94702
1114 Cowper St,94702
1010 Cragmont Ave,94708
1329 Curtis St,94702
1363 Curtis St,94702
1728 Curtis St,94702
1730 Curtis St,94702
1919 Curtis St,94702
1930 Curtis St,94702
1944 Curtis St,94702
1970 Curtis St,94702
1980 Curtis St,94702
2238 Curtis St,94702
2334 Curtis St,94702
2336 Curtis St,94702
2441 Curtis St,94702
1 Cyclotron Rd,94720
2400 Dana St,94704
2406 Dana St,94704
2410 Dana St,94704
2414 Dana St,94704
2440 Dana St,94704
2446 Dana St,94704
2500 Dana St,94704
2501 Dana St,94704
2515 Dana St,94704
2522 Dana St,94704
2528 Dana St,94704
2532 Dana St,94704
2550 Dana St,94704
2601 Dana St,94704
2620 Dana St,94704
2718 Dana St,94705
3008 Dana St,94705
3009 Dana St,94705
3021 Dana St,94705
3055 Dana St,94705
375 Davis Hall,94720
721 Davis Hall,94720
750 Davis Hall,94720
760 Davis Hall,94720
2908 Deakin St,94705
2911 Deakin St,94705
2918 Deakin St,94705
2920 Deakin St,94705
3001 Deakin St,94705
3012 Deakin St,94705
3024 Deakin St,94705
3028 Deakin St,94705
3112 Deakin St,94705
1011 Delaware St,94710
1013 Delaware St,94710
1080 Delaware St,94710
1118 Delaware St,94702
1134 Delaware St,94702
1136 Delaware St,94702
1138 Delaware St,94702
1228 Delaware St,94702
1300 Delaware St,94702
1608 Delaware St,94703
1720 Delaware St,94703
1730 Delaware St,94703
1734 Delaware St,94703
1812 Delaware St,94703
1828 Delaware St,94703
1831 Delaware St,94703
1835 Delaware St,94703
1846 Delaware St,94703
1915 Delaware St,94709
1917 Delaware St,94709
1921 Delaware St,94709
1925 Delaware St,94709
1929 Delaware St,94709
1933 Delaware St,94709
2000 Delaware St,94709
2017 Delaware St,94709
2019 Delaware St,94709
2020 Delaware St,94709
2027 Delaware St,94709
2028 Delaware St,94709
2032 Delaware St,94709
2050 Delaware St,94709
2079 Delaware St,94709
2087 Delaware St,94709
2120 Delaware St,94709
2125 Delaware St,94709
811 Delaware St,94710
906 Delaware St,94710
914 Delaware St,94710
929 Delaware St,94710
1436 Derby St,94702
1525 Derby St,94703
1541 Derby St,94703
1609 Derby St,94703
1722 Derby St,94703
1814 Derby St,94703
1815 Derby St,94703
1818 Derby St,94703
1825 Derby St,94703
1836 Derby St,94703
2201 Derby St,94705
2227 Derby St,94705
2445 Derby St,94705
2447 Derby St,94705
2642 Derby St,94705
2667 Derby St,94705
2671 Derby St,94705
2699 Derby St,94705
2704 Derby St,94705
2712 Derby St,94705
2717 Derby St,94705
2717 1/2 Derby St,94705
2819 Derby St,94705
2951 Derby St,94705
3001 Derby St,94705
131 Doe Library,94720
405 Doe Library,94720
2915 Dohr St,94702
2922 Dohr St,94702
2945 Dohr St,94702
2950 Dohr St,94702
3051 Dohr St,94702
3053 Dohr St,94702
22 Domingo Ave,94705
28 Domingo Ave,94705
2920 Domingo Ave,94705
2936 Domingo Ave,94705
30 Domingo Ave,94705
32 Domingo Ave,94705
1 Donner Lab,94720
101 Donner Lab,94720
102 Donner Lab,94720
229 Donner Lab,94720
2400 Dowling Pl,94705
2407 Dowling Pl,94705
2000 Durant Ave,94704
2020 Durant Ave,94704
2024 Durant Ave,94704
2025 Durant Ave,94704
2029 Durant Ave,94704
2123 Durant Ave,94704
2206 Durant Ave,94704
2210 Durant Ave,94704
2214 Durant Ave,94704
2218 Durant Ave,94704
2222 Durant Ave,94704
2226 Durant Ave,94704
2230 Durant Ave,94704
2232 Durant Ave,94704
2236 Durant Ave,94704
2241 Durant Ave,94704
2308 Durant Ave,94704
2312 Durant Ave,94704
2318 Durant Ave,94704
2400 Durant Ave,94720
2411 Durant Ave,94704
2419 Durant Ave,94704
2421 Durant Ave,94704
2427 Durant Ave,94704
2431 Durant Ave,94704
2433 Durant Ave,94704
2500 Durant Ave,94704
2515 1/2 Durant Ave,94704
2517 Durant Ave,94704
2519 Durant Ave,94704
2521 Durant Ave,94704
2525 Durant Ave,94704
2526 Durant Ave,94704
2532 Durant Ave,94704
2533 Durant Ave,94704
2538 Durant Ave,94704
2539 Durant Ave,94704
2621 Durant Ave,94720
2625 Durant Ave,94720
2631 Durant Ave,94704
2633 Durant Ave,94704
2635 Durant Ave,94704
2637 Durant Ave,94704
2650 Durant Ave,94720
2701 Durant Ave,94704
2731 Durant Ave,94704
114 Durant Hall,94720
5 Durant Hall,94720
1114 Dwight Way,94702
1116 Dwight Way,94702
1118 Dwight Way,94702
1124 Dwight Way,94702
1140 Dwight Way,94702
1315 Dwight Way,94702
1321 Dwight Way,94702
1322 Dwight Way,94702
1429 Dwight Way,94702
1433 Dwight Way,94702
1518 Dwight Way,94703
1543 Dwight Way,94703
1626 Dwight Way,94703
1654 Dwight Way,94703
1676 Dwight Way,94703
1708 Dwight Way,94703
1712 Dwight Way,94703
1713 Dwight Way,94703
1731 Dwight Way,94703
1800 Dwight Way,94703
1901 Dwight Way,94704
1909 Dwight Way,94704
1919 Dwight Way,94704
1927 Dwight Way,94704
1931 Dwight Way,94704
1937 Dwight Way,94704
1947 Dwight Way,94704
2000 Dwight Way,94704
2006 Dwight Way,94704
2012 Dwight Way,94704
2022 Dwight Way,94704
2028 Dwight Way,94704
2030 Dwight Way,94704
2042 Dwight Way,94704
2107 Dwight Way,94704
2121 Dwight Way,94704
2122 Dwight Way,94704
2175 Dwight Way,94704
2180 Dwight Way,94704
2185 Dwight Way,94704
2200 Dwight Way,94704
2201 Dwight Way,94704
2206 Dwight Way,94704
2208 Dwight Way,94704
2217 Dwight Way,94704
2220 Dwight Way,94704
2221 Dwight Way,94704
2222 Dwight Way,94704
2223 Dwight Way,94704
2224 Dwight Way,94704
2226 Dwight Way,94704
2227 Dwight Way,94704
2228 Dwight Way,94704
2230 Dwight Way,94704
2231 Dwight Way,94704
2306 Dwight Way,94704
2314 Dwight Way,94704
2321 Dwight Way,94704
2324 Dwight Way,94704
2335 Dwight Way,94704
2343 Dwight Way,94704
2410 Dwight Way,94704
2414 Dwight Way,94704
2415 Dwight Way,94704
2416 Dwight Way,94704
2418 Dwight Way,94704
2420 Dwight Way,94704
2424 Dwight Way,94704
2428 Dwight Way,94704
2430 Dwight Way,94704
2439 Dwight Way,94704
2449 Dwight Way,94704
2502 Dwight Way,94704
2527 Dwight Way,94704
2530 Dwight Way,94704
2534 Dwight Way,94704
2640 Dwight Way,94704
2644 Dwight Way,94704
2646 Dwight Way,94704
2709 Dwight Way,94704
2715 Dwight Way,94704
2726 Dwight Way,94704
2729 Dwight Way,94704
2741 Dwight Way,94704
2750 Dwight Way,94704
2903 Dwight Way,94704
2939 Dwight Way,94720
930 Dwight Way,94710
940 Dwight Way,94710
101 Dwinelle Anx,94720
1314 Dwinelle Hall,94720
2125 Dwinelle Hall,94720
2337 Dwinelle Hall,94720
3229 Dwinelle Hall,94720
3335 Dwinelle Hall,94720
3413 Dwinelle Hall,94720
342 Dwinelle Hall,94720
40 Dwinelle Hall,94720
4125 Dwinelle Hall,94720
4333 Dwinelle Hall,94720
4408 Dwinelle Hall,94720
5303 Dwinelle Hall,94720
5319 Dwinelle Hall,94720
9 Dwinelle Hall,94720
1061 Eastshore Hwy,94710
1993 El Dorado Ave,94707
2925 Ellis St,94703
2938 Ellis St,94703
3001 Ellis St,94703
3005 Ellis St,94703
3009 Ellis St,94703
3023 Ellis St,94703
3039 Ellis St,94703
3114 Ellis St,94703
3116 Ellis St,94703
3117 Ellis St,94703
3118 Ellis St,94703
3138 Ellis St,94703
3140 Ellis St,94703
3143 Ellis St,94703
3208 Ellis St,94703
3240 Ellis St,94703
3244 Ellis St,94703
2306 Ellsworth St,94704
2310 Ellsworth St,94704
2312 Ellsworth St,94704
2314 Ellsworth St,94704
2360 Ellsworth St,94704
2372 Ellsworth St,94704
2380 Ellsworth St,94704
2412 Ellsworth St,94704
2428 Ellsworth St,94704
2431 Ellsworth St,94704
2436 Ellsworth St,94704
2491 Ellsworth St,94704
2503 Ellsworth St,94704
2507 Ellsworth St,94704
2526 Ellsworth St,94704
2529 Ellsworth St,94704
2535 Ellsworth St,94704
2537 Ellsworth St,94704
2605 Ellsworth St,94704
2607 Ellsworth St,94704
2609 Ellsworth St,94704
2713 Ellsworth St,94705
2008 Emerson St,94703
2021 Emerson St,94703
2025 Emerson St,94703
2033 Emerson St,94703
2037 Emerson St,94703
2137 Emerson St,94705
2147 Emerson St,94705
400 Eshleman Hall,94720
2030 Essex St,94703
2114 Essex St,94705
2128 Essex St,94705
713 Essex Way,94710
3112 Etcheverry Hall,94720
3115 Etcheverry Hall,94720
4101 Etcheverry Hall,94720
4135 Etcheverry Hall,94720
6143 Etcheverry Hall,94720
6189 Etcheverry Hall,94720
2529 Etna St,94704
2600 Etna St,94704
2601 Etna St,94704
2610 Etna St,94704
2619 Etna St,94704
2626 Etna St,94704
2627 Etna St,94704
2636 Etna St,94704
3111 Eton Ave,94705
3151 Eton Ave,94705
1169 Euclid Ave,94708
1197 Euclid Ave,94708
1406 Euclid Ave,94708
1561 Euclid Ave,94708
1640 Euclid Ave,94709
1652 Euclid Ave,94709
1655 Euclid Ave,94709
1675 Euclid Ave,94709
1685 Euclid Ave,94709
1708 Euclid Ave,94709
1717 Euclid Ave,94709
1767 Euclid Ave,94709
1799 Euclid Ave,94709
1808 Euclid Ave,94709
1810 Euclid Ave,94709
1820 Euclid Ave,94709
1865 Euclid Ave,94709
247 Evans Hall,94720
367 Evans Hall,94720
459 Evans Hall,94720
575 Evans Hall,94720
787 Evans Hall,94720
942 Evans Hall,94720
987 Evans Hall,94720
1 Faculty Clb,94720
2 Faculty Clb,94720
1405 Fairview St,94702
1527 Fairview St,94703
1543 Fairview St,94703
1607 Fairview St,94703
1615 Fairview St,94703
1618 Fairview St,94703
1619 Fairview St,94703
1623 Fairview St,94703
1639 Fairview St,94703
1803 Fairview St,94703
1812 Fairview St,94703
1815 Fairview St,94703
1816 Fairview St,94703
1917 Fairview St,94703
2415 Fernwald Rd,94720
2917 Florence St,94705
2918 Florence St,94705
2923 Florence St,94705
2924 Florence St,94705
2928 Florence St,94705
2703 Forest Ave,94705
2730 Forest Ave,94705
2737 Forest Ave,94705
1108 Francisco St,94702
1110 Francisco St,94702
1114 Francisco St,94702
1132 Francisco St,94702
1214 Francisco St,94702
1245 Francisco St,94702
1257 Francisco St,94702
1339 Francisco St,94702
1517 Francisco St,94703
1623 Francisco St,94703
1626 Francisco St,94703
1632 Francisco St,94703
1635 Francisco St,94703
1704 Francisco St,94703
1716 Francisco St,94703
1733 Francisco St,94703
1739 Francisco St,94703
1810 Francisco St,94703
1811 Francisco St,94703
1812 Francisco St,94703
1822 Francisco St,94703
1825 Francisco St,94703
1920 Francisco St,94709
1921 Francisco St,94709
2018 Francisco St,94709
2021 Francisco St,94709
2025 Francisco St,94709
2041 Francisco St,94709
2223 Fulton St,94720
2288 Fulton St,94704
2310 Fulton St,94704
2312 Fulton St,94704
2332 Fulton St,94704
2345 Fulton St,94704
2401 Fulton St,94704
2404 Fulton St,94704
2405 Fulton St,94704
2425 Fulton St,94704
2426 Fulton St,94704
2537 Fulton St,94704
2603 Fulton St,94704
2627 Fulton St,94704
2801 Fulton St,94705
2910 Fulton St,94705
2912 Fulton St,94705
2918 Fulton St,94705
2919 Fulton St,94705
3017 Fulton St,94705
3018 Fulton St,94705
3024 Fulton St,94705
3040 Fulton St,94705
3042 Fulton St,94705
3046 Fulton St,94705
2737 Garber St,94705
2738 Garber St,94705
2741 Garber St,94705
2763 Garber St,94705
17 Gauss Way,94720
8 Gauss Way,94720
135 Giannini Hall,94720
207 Giannini Hall,94720
26 Giannini Hall,94720
201 Gilman Hall,94720
901 Gilman St,94710
950 Gilman St,94710
1500 Grant St,94703
1509 Grant St,94703
1512 Grant St,94703
1518 Grant St,94703
1604 Grant St,94703
1619 Grant St,94703
1627 Grant St,94703
1636 Grant St,94703
1733 Grant St,94703
1918 Grant St,94703
1922 Grant St,94703
2012 Grant St,94703
2103 Grant St,94703
2115 Grant St,94703
2120 Grant St,94703
2133 Grant St,94703
2134 Grant St,94703
2139 Grant St,94703
2199 Grant St,94703
2215 Grant St,94703
2216 Grant St,94703
2224 Grant St,94703
2233 Grant St,94703
2234 Grant St,94703
2304 Grant St,94703
2315 Grant St,94703
2319 Grant St,94703
2330 Grant St,94703
2333 Grant St,94703
2340 Grant St,94703
2341 Grant St,94703
2422 Grant St,94703
2425 Grant St,94703
2426 Grant St,94703
2431 Grant St,94703
2435 Grant St,94703
2701 Grant St,94703
2731 Grant St,94703
2736 Grant St,94703
2737 Grant St,94703
2808 Grant St,94703
1008 Grayson St,94710
1010 Grayson St,94710
1012 Grayson St,94710
901 Grayson St,94710
402F Haas Business,94720
545S Haas Business,94720
549A Haas Business,94720
602 Haas Business,94720
1 Haas Pavilion,94720
2 Haas Pavilion,94720
3038 Halcyon Ct,94705
1379 Harmon St,94702
1414 Harmon St,94702
1416 Harmon St,94702
1418 Harmon St,94702
1510 Harmon St,94703
1512 Harmon St,94703
1515 Harmon St,94703
1525 Harmon St,94703
1526 Harmon St,94703
1533 Harmon St,94703
1534 Harmon St,94703
1537 Harmon St,94703
1608 Harmon St,94703
1620 Harmon St,94703
1642 Harmon St,94703
1818 Harmon St,94703
1833 Harmon St,94703
2904 Harper St,94703
2914 Harper St,94703
2915 Harper St,94703
2918 Harper St,94703
2925 Harper St,94703
2927 Harper St,94703
2936 Harper St,94703
3000 Harper St,94703
3008 Harper St,94703
3015 Harper St,94703
3016 Harper St,94703
3108 Harper St,94703
3131 Harper St,94703
702 Harrison St,94710
1201 Haskell St,94702
1217 Haskell St,94702
1218 Haskell St,94702
1236 Haskell St,94702
1238 Haskell St,94702
1320 Haskell St,94702
1322 Haskell St,94702
1907 Haste St,94704
1915 Haste St,94704
1916 Haste St,94704
1918 Haste St,94704
1920 Haste St,94704
1924 Haste St,94704
1926 Haste St,94704
1928 Haste St,94704
1930 Haste St,94704
1932 Haste St,94704
1935 Haste St,94704
2007 Haste St,94704
2009 Haste St,94704
2011 Haste St,94704
2015 Haste St,94704
2019 Haste St,94704
2033 Haste St,94704
2110 Haste St,94704
2115 Haste St,94704
2117 Haste St,94704
2133 Haste St,94704
2206 Haste St,94704
2214 Haste St,94704
2218 Haste St,94704
2230 Haste St,94704
2232 Haste St,94704
2234 Haste St,94704
2237 Haste St,94704
2309 Haste St,94704
2320 Haste St,94704
2322 Haste St,94704
2330 Haste St,94704
2424 Haste St,94704
2435 Haste St,94704
2441 Haste St,94704
2605 Haste St,94704
2650 Haste St,94720
2708 Haste St,94704
2710 Haste St,94704
2716 Haste St,94704
2725 Haste St,94704
2731 Haste St,94704
2732 Haste St,94704
2747 Haste St,94704
120 Haviland Hall,94720
1120 Hearst Ave,94702
1129 Hearst Ave,94702
1133 Hearst Ave,94702
1135 Hearst Ave,94702
1136 Hearst Ave,94702
1137 Hearst Ave,94702
1138 Hearst Ave,94702
1139 Hearst Ave,94702
1140 Hearst Ave,94702
1142 Hearst Ave,94702
1144 Hearst Ave,94702
1146 Hearst Ave,94702
1148 Hearst Ave,94702
1150 Hearst Ave,94702
1154 Hearst Ave,94702
1156 Hearst Ave,94702
1158 Hearst Ave,94702
1160 Hearst Ave,94702
1244 Hearst Ave,94702
1246 Hearst Ave,94702
1277 Hearst Ave,94702
1301 Hearst Ave,94702
1359 Hearst Ave,94702
1411 Hearst Ave,94702
1509 Hearst Ave,94703
1515 Hearst Ave,94703
1519 Hearst Ave,94703
1540 Hearst Ave,94703
1638 Hearst Ave,94703
1640 Hearst Ave,94703
1720 Hearst Ave,94703
1730 Hearst Ave,94703
1732 Hearst Ave,94703
1734 Hearst Ave,94703
1814 Hearst Ave,94703
1822 Hearst Ave,94703
1836 Hearst Ave,94703
1930 Hearst Ave,94709
1932 Hearst Ave,94709
2009 Hearst Ave,94709
2010 Hearst Ave,94709
2014 Hearst Ave,94709
2015 Hearst Ave,94709
2029 Hearst Ave,94709
2035 Hearst Ave,94709
2038 Hearst Ave,94709
2040 Hearst Ave,94709
2042 Hearst Ave,94709
2119 Hearst Ave,94709
2125 Hearst Ave,94709
2131 Hearst Ave,94709
2195 Hearst Ave,94720
2235 Hearst Ave,94709
2255 Hearst Ave,94709
2267 Hearst Ave,94709
2283 Hearst Ave,94709
2317 Hearst Ave,94709
2505 Hearst Ave,94709
2511 Hearst Ave,94709
2607 Hearst Ave,94720
2700 Hearst Ave,94720
715 Hearst Ave,94710
809 Hearst Ave,94710
821 Hearst Ave,94710
823 Hearst Ave,94710
825 Hearst Ave,94710
838 Hearst Ave,94710
850 Hearst Ave,94710
906 Hearst Ave,94710
950 Hearst Ave,94710
2195 Hearst Ext,94720
2607 Hearst Ext,94720
152 Hearst Gym,94720
158 Hearst Gym,94720
164 Hearst Gym,94720
176 Hearst Gym,94720
2 Hearst Gym,94720
200 Hearst Gym,94720
210 Hearst Mining Bldg,94720
292 Hearst Mining Bldg,94720
354 Hearst Mining Bldg,94720
700 Heinz Ave,94710
729 Heinz Ave,94710
800 Heinz Ave,94710
1305 Henry St,94709
1329 Henry St,94709
1337 Henry St,94709
1404 Henry St,94709
1406 Henry St,94709
1436 Henry St,94709
1516 Henry St,94709
1522 Henry St,94709
1530 Henry St,94709
1538 Henry St,94709
1588 Henry St,94709
1902 Henry St,94704
1918 Henry St,94704
1730 Highland Pl,94709
1735 Highland Pl,94709
1771 Highland Pl,94709
221 Hildebrand Hall,94720
2339 Hilgard Ave,94709
2340 Hilgard Ave,94709
2355 Hilgard Ave,94709
2380 Hilgard Ave,94709
2427 Hilgard Ave,94709
2435 Hilgard Ave,94709
2443 Hilgard Ave,94709
2444 Hilgard Ave,94709
2455 Hilgard Ave,94709
2456 Hilgard Ave,94709
2465 Hilgard Ave,94709
2466 Hilgard Ave,94709
2476 Hilgard Ave,94709
2515 Hilgard Ave,94709
108 Hilgard Hall,94720
2500 Hillegass Ave,94704
2508 Hillegass Ave,94704
2520 Hillegass Ave,94704
2530 Hillegass Ave,94704
2533 Hillegass Ave,94704
2538 Hillegass Ave,94704
2600 Hillegass Ave,94704
2610 Hillegass Ave,94704
2611 1/2 Hillegass Ave,94704
2612 Hillegass Ave,94704
2617 Hillegass Ave,94704
2618 Hillegass Ave,94704
2620 Hillegass Ave,94704
2626 Hillegass Ave,94704
2627 Hillegass Ave,94704
2632 Hillegass Ave,94704
2635 Hillegass Ave,94704
2715 Hillegass Ave,94705
2732 Hillegass Ave,94705
2743 Hillegass Ave,94705
2808 Hillegass Ave,94705
2821 Hillegass Ave,94705
2902 Hillegass Ave,94705
2910 Hillegass Ave,94705
2918 Hillegass Ave,94705
2919 Hillegass Ave,94705
2920 Hillegass Ave,94705
2922 Hillegass Ave,94705
2942 Hillegass Ave,94705
2948 Hillegass Ave,94705
3019 Hillegass Ave,94705
3021 Hillegass Ave,94705
1127 Hopkins St,94702
1252 Hopkins St,94702
1260 Hopkins St,94702
1265 Hopkins St,94702
1290 Hopkins St,94702
1300 Hopkins St,94702
1300A Hopkins St,94702
1300B Hopkins St,94702
1300C Hopkins St,94702
1300D Hopkins St,94702
1306 Hopkins St,94702
1458 Hopkins St,94702
1466 Hopkins St,94702
1497 Hopkins St,94702
1515 Hopkins St,94707
1545 Hopkins St,94707
1547 Hopkins St,94707
1607 Hopkins St,94707
1612 Hopkins St,94707
1619 Hopkins St,94707
1629 Hopkins St,94707
1655 Hopkins St,94707
2314 Howe St,94705
2209 Jefferson Ave,94703
2215 Jefferson Ave,94703
2219 Jefferson Ave,94703
2226 Jefferson Ave,94703
2315 Jefferson Ave,94703
2409 Jefferson Ave,94703
2431 Jefferson Ave,94703
2435 Jefferson Ave,94703
1304 Josephine St,94703
1312 Josephine St,94703
1320 Josephine St,94703
1430 Josephine St,94703
1439 Josephine St,94703
1448 Josephine St,94703
1619 Josephine St,94703
1624 Josephine St,94703
1625 Josephine St,94703
1630 Josephine St,94703
1509 Julia St,94703
1511 Julia St,94703
1516 Julia St,94703
1518 Julia St,94703
1527 Julia St,94703
1528 Julia St,94703
1533 Julia St,94703
1535 Julia St,94703
1540 Julia St,94703
1615 Julia St,94703
1634 Julia St,94703
1635 Julia St,94703
1639 Julia St,94703
1640 Julia St,94703
1641 Julia St,94703
1649 Julia St,94703
1659 Julia St,94703
1314 Kains Ave,94702
1411 Kains Ave,94702
1423 Kains Ave,94702
1608 Kains Ave,94702
2906 King St,94703
2909 King St,94703
2910 King St,94703
3109 King St,94703
3123 King St,94703
3131 King St,94703
3134 King St,94703
3144 King St,94703
3320 King St,94703
3322 King St,94703
3331 King St,94703
2150 Kittredge Ext,94720
2020 Kittredge St,94704
2065 Kittredge St,94704
2110 Kittredge St,94704
2117 Kittredge St,94704
2124 Kittredge St,94704
2150 Kittredge St,94720
2175 Kittredge St,94704
111 Koshland Hall,94720
103 Kroeber Hall,94720
230 Kroeber Hall,94720
232 Kroeber Hall,94720
238 Kroeber Hall,94720
1717 La Loma Ave,94709
257 Lawrence Hall Of Science,94720
2311 Le Conte Ave,94709
2317 Le Conte Ave,94709
2340 Le Conte Ave,94709
2363 Le Conte Ave,94709
2365 Le Conte Ave,94709
2369 Le Conte Ave,94709
2451 Le Conte Ave,94709
2479 Le Conte Ave,94709
2510 Le Conte Ave,94709
2525 Le Conte Ave,94709
2540 Le Conte Ave,94709
2552 Le Conte Ave,94709
2555 Le Conte Ave,94709
2572 Le Conte Ave,94709
2575 Le Conte Ave,94709
2700 Le Conte Ave,94709
2704 Le Conte Ave,94709
2710 Le Conte Ave,94709
1700 Le Roy Ave,94709
1765 Le Roy Ave,94709
366 Leconte Hall,94720
185 Li Ka Shing Bldg,94720
142 Life Science Addition,94720
3573 Life Science Addition,94720
1354 Lincoln St,94702
1726 Lincoln St,94703
1739 Lincoln St,94703
2005 Lincoln St,94709
2013 Lincoln St,94709
2927 Lorina St,94705
2923 Mabel St,94702
2924 Mabel St,94702
3008 Mabel St,94702
3101 Mabel St,94702
1300 Martin Luther King Jr Way,94709
1306 Martin Luther King Jr Way,94709
1311 Martin Luther King Jr Way,94709
1313 Martin Luther King Jr Way,94709
1315 Martin Luther King Jr Way,94709
1327 Martin Luther King Jr Way,94709
1423 Martin Luther King Jr Way,94709
1426 Martin Luther King Jr Way,94709
1429 Martin Luther King Jr Way,94709
1430 Martin Luther King Jr Way,94709
1435 Martin Luther King Jr Way,94709
1522 Martin Luther King Jr Way,94709
1533 Martin Luther King Jr Way,94709
1615 Martin Luther King Jr Way,94709
1622 Martin Luther King Jr Way,94709
1630 Martin Luther King Jr Way,94709
1635 Martin Luther King Jr Way,94709
1636 Martin Luther King Jr Way,94709
1649 Martin Luther King Jr Way,94709
1708 Martin Luther King Jr Way,94709
1711 Martin Luther King Jr Way,94709
1713 Martin Luther King Jr Way,94709
1721 Martin Luther King Jr Way,94709
1741 Martin Luther King Jr Way,94709
1806 Martin Luther King Jr Way,94709
1807 Martin Luther King Jr Way,94709
1812 Martin Luther King Jr Way,94709
1911 Martin Luther King Jr Way,94704
1949 Martin Luther King Jr Way,94704
1988 Martin Luther King Jr Way,94704
2031 Martin Luther King Jr Way,94704
2206 Martin Luther King Jr Way,94704
2208 Martin Luther King Jr Way,94704
2413 Martin Luther King Jr Way,94704
2430 Martin Luther King Jr Way,94704
2500 Martin Luther King Jr Way,94704
2531 Martin Luther King Jr Way,94704
2539 Martin Luther King Jr Way,94704
2543 Martin Luther King Jr Way,94704
2732 Martin Luther King Jr Way,94703
2813 Martin Luther King Jr Way,94703
2906 Martin Luther King Jr Way,94703
2930 Martin Luther King Jr Way,94703
2935 Martin Luther King Jr Way,94703
2936 Martin Luther King Jr Way,94703
2942 Martin Luther King Jr Way,94703
3132 Martin Luther King Jr Way,94703
3363 Martin Luther King Jr Way,94703
301 Mccone Hall,94720
475 Mccone Hall,94720
501 Mccone Hall,94720
1611 Mcgee Ave,94703
2009 Mcgee Ave,94703
2025 Mcgee Ave,94703
2109 Mcgee Ave,94703
2127 Mcgee Ave,94703
2132 Mcgee Ave,94703
2134 Mcgee Ave,94703
2208 Mcgee Ave,94703
2228 Mcgee Ave,94703
2229 Mcgee Ave,94703
2311 Mcgee Ave,94703
2339 Mcgee Ave,94703
2416 Mcgee Ave,94703
2426 Mcgee Ave,94703
2428 Mcgee Ave,94703
2711 Mcgee Ave,94703
2819 Mcgee Ave,94703
2111 Mckinley Ave,94703
2112 Mckinley Ave,94703
2124 Mckinley Ave,94703
2138 Mckinley Ave,94703
2210 Mckinley Ave,94703
2228 Mckinley Ave,94703
2235 Mckinley Ave,94703
2245 Mckinley Ave,94703
2325 Mckinley Ave,94703
2422 Mckinley Ave,94703
2427 Mckinley Ave,94703
109 Mclaughlin Hall,94720
208 Mclaughlin Hall,94720
210 Mclaughlin Hall,94720
215 Mclaughlin Hall,94720
310 Mclaughlin Hall,94720
320 Mclaughlin Hall,94720
1326 Milvia St,94709
1327 Milvia St,94709
1422 Milvia St,94709
1423 Milvia St,94709
1531 Milvia St,94709
1534 Milvia St,94709
1540 Milvia St,94709
1556 Milvia St,94709
1605 Milvia St,94709
1607 Milvia St,94709
1610 Milvia St,94709
1614 Milvia St,94709
1618 Milvia St,94709
1622 Milvia St,94709
1624 Milvia St,94709
1634 Milvia St,94709
1640 Milvia St,94709
1642 Milvia St,94709
1708 Milvia St,94709
1710 Milvia St,94709
1945 Milvia St,94704
1949 Milvia St,94704
2010 Milvia St,94704
2020 Milvia St,94704
2115 Milvia St,94704
2428 Milvia St,94704
2450 Milvia St,94704
2500 Milvia St,94704
2520 Milvia St,94704
200 Minor Hall,94720
360 Minor Hall,94720
397 Minor Hall,94720
106 Mlk Student Un,94720
106 Mlk Student Union Bldg,94720
119 Morgan Hall,94720
104 Morrison Hall,94720
19 Morrison Hall,94720
109 Moses Hall,94720
203 Moses Hall,94720
207 Moses Hall,94720
215 Moses Hall,94720
248 Moses Hall,94720
251 Moses Hall,94720
252 Moses Hall,94720
254 Moses Hall,94720
260 Moses Hall,94720
314 Moses Hall,94720
145 Mulford Hall,94720
54 Mulford Hall,94720
202 Naval Architecture Bldg,94720
1310 Neilson St,94702
893 Neilson St,94707
2906 Newbury St,94703
2927 Newbury St,94703
121 Northgate Hall,94720
1 Oakland,94720
410 Obrien Hall,94720
412 Obrien Hall,94720
1221 Oregon St,94702
1425 Oregon St,94702
1514 Oregon St,94703
1534 Oregon St,94703
1550 Oregon St,94703
1590 Oregon St,94703
1632 Oregon St,94703
1700 Oregon St,94703
1727 Oregon St,94703
1809 Oregon St,94703
1918 Oregon St,94703
1947 Oregon St,94703
2141 Oregon St,94705
2243 Oregon St,94705
2312 Oregon St,94705
2339 Oregon St,94705
2431 Oregon St,94705
2912 Otis St,94703
2922 Otis St,94703
2923 Otis St,94703
2927 Otis St,94703
2966 Otis St,94703
1139 Oxford St,94707
1409 Oxford St,94709
1501 Oxford St,94709
1503 Oxford St,94709
1514 Oxford St,94709
1515 Oxford St,94709
1519 Oxford St,94709
1528 Oxford St,94709
1536 Oxford St,94709
1540 Oxford St,94709
1541 Oxford St,94709
1555 Oxford St,94709
1622 Oxford St,94709
1633 Oxford St,94709
1634 Oxford St,94709
1639 Oxford St,94709
1644 Oxford St,94709
1650 Oxford St,94709
1661 Oxford St,94709
1669 Oxford St,94709
1672 Oxford St,94709
1694 Oxford St,94709
1717 Oxford St,94709
1725 Oxford St,94709
1739 Oxford St,94709
1749 Oxford St,94709
1757 Oxford St,94709
1765 Oxford St,94709
1773 Oxford St,94709
1793 Oxford St,94709
1803 Oxford St,94709
1817 Oxford St,94709
1827 Oxford St,94709
1910 Oxford St,94704
2150 Oxford St,94704
825 Page St,94710
156 Panoramic Way,94704
158 Panoramic Way,94704
2 Panoramic Way,94704
360 Panoramic Way,94704
52 Panoramic Way,94704
64 Panoramic Way,94704
66 Panoramic Way,94704
1013 Pardee St,94710
1033 Pardee St,94710
1109 Parker St,94702
1116 Parker St,94702
1132 Parker St,94702
1211 Parker St,94702
1219 Parker St,94702
1327 Parker St,94702
1411 Parker St,94702
1508 Parker St,94703
1612 Parker St,94703
1615 Parker St,94703
1622 Parker St,94703
1720 Parker St,94703
1728 Parker St,94703
1736 Parker St,94703
1741 Parker St,94703
1905 Parker St,94704
2023 Parker St,94704
2037 Parker St,94704
2038 Parker St,94704
2114 Parker St,94704
2124 Parker St,94704
2131 Parker St,94704
2133 Parker St,94704
2134 Parker St,94704
2218 Parker St,94704
2221 Parker St,94704
2225 Parker St,94704
2227 Parker St,94704
2252 Parker St,94704
2314 Parker St,94704
2315 Parker St,94704
2318 Parker St,94704
2320 Parker St,94704
2323 Parker St,94704
2329 Parker St,94704
2335 Parker St,94704
2337 Parker St,94704
2339 Parker St,94704
2341 Parker St,94704
2390 Parker St,94704
2398 Parker St,94704
2414 Parker St,94704
2419 Parker St,94704
2456 Parker St,94704
2460 Parker St,94704
2511 Parker St,94704
2515 Parker St,94704
2519 Parker St,94704
2547 Parker St,94710
2727 Parker St,94704
2803 Parker St,94704
918 Parker St,94710
933 Parker St,94710
2222 Piedmont Ave,94720
2232 Piedmont Ave,94720
2234 Piedmont Ave,94720
2240 Piedmont Ave,94720
2299 Piedmont Ave,94720
2310 Piedmont Ave,94704
2437 Piedmont Ave,94704
2442 Piedmont Ave,94704
2511 Piedmont Ave,94704
2513 Piedmont Ave,94704
2514 Piedmont Ave,94704
2515 Piedmont Ave,94704
2516 Piedmont Ave,94704
2521 Piedmont Ave,94704
2522 Piedmont Ave,94704
2522 1/2 Piedmont Ave,94704
2525 Piedmont Ave,94704
2527 Piedmont Ave,94704
2534 Piedmont Ave,94704
2536 Piedmont Ave,94704
2547 Piedmont Ave,94704
2600 Piedmont Ave,94704
2611 Piedmont Ave,94704
2629 Piedmont Ave,94704
2700 Piedmont Ave,94705
1507 Prince St,94703
1510 Prince St,94703
1522 Prince St,94703
1534 Prince St,94703
1539 Prince St,94703
1603 Prince St,94703
1607 Prince St,94703
1610 Prince St,94703
1615 Prince St,94703
1616 Prince St,94703
1625 Prince St,94703
1632 Prince St,94703
1635 Prince St,94703
1643 Prince St,94703
1644 Prince St,94703
1646 Prince St,94703
1808 Prince St,94703
1809 Prince St,94703
1817 Prince St,94703
1835 Prince St,94703
2007 Prince St,94703
2019 Prince St,94703
2104 Prince St,94705
2230 Prince St,94705
2314 Prince St,94705
2327 Prince St,94705
2418 Prince St,94705
2511 Prince St,94705
2700 Prince St,94705
2701 Prince St,94705
2725 Prince St,94705
2829 Prince St,94705
2399 Prospect St,94704
2430 Prospect St,94704
2503 Regent St,94704
2510 Regent St,94704
2512 Regent St,94704
2515 Regent St,94704
2517 Regent St,94704
2520 Regent St,94704
2521 Regent St,94704
2525 Regent St,94704
2531 Regent St,94704
2535 Regent St,94704
2537 Regent St,94704
2540 Regent St,94704
2541 Regent St,94704
2610 Regent St,94704
2615 Regent St,94704
2619 Regent St,94704
2620 Regent St,94704
2632 Regent St,94704
2637 Regent St,94704
2735 Regent St,94705
2806 Regent St,94705
2808 Regent St,94705
2814 Regent St,94705
2815 Regent St,94705
2817 Regent St,94705
2821 Regent St,94705
2836 Regent St,94705
2904 Regent St,94705
2909 Regent St,94705
2918 Regent St,94705
2921 Regent St,94705
2999 Regent St,94705
3030 Regent St,94705
60 Richardson Rd,94707
112 Richmond Field St,94720
155 Richmond Field St,94720
452 Richmond Field St,94720
2508 Ridge Rd,94709
2516 Ridge Rd,94709
2520 Ridge Rd,94709
2523 Ridge Rd,94709
2531 Ridge Rd,94709
2535 Ridge Rd,94709
2615 Ridge Rd,94709
2701 Ridge Rd,94709
2703 Ridge Rd,94709
2705 Ridge Rd,94709
2112 Roosevelt Ave,94703
2120 Roosevelt Ave,94703
2132 Roosevelt Ave,94703
2140 Roosevelt Ave,94703
2227 Roosevelt Ave,94703
2236 Roosevelt Ave,94703
2237 Roosevelt Ave,94703
2238 Roosevelt Ave,94703
2304 Roosevelt Ave,94703
2306 Roosevelt Ave,94703
2310 Roosevelt Ave,94703
2313 Roosevelt Ave,94703
2416 Roosevelt Ave,94703
1319 Rose St,94702
1329 Rose St,94702
1339 Rose St,94702
1349 Rose St,94702
1801 Rose St,94703
1950 Rose St,94709
2025 Rose St,94709
2095 Rose St,94709
2113 Rose St,94709
2117 Rose St,94709
1226 Russell St,94702
1237 Russell St,94702
1467 Russell St,94702
1506 Russell St,94703
1525 Russell St,94703
1527 Russell St,94703
1529 Russell St,94703
1531 Russell St,94703
1541 Russell St,94703
1611 Russell St,94703
1614 Russell St,94703
1615 Russell St,94703
1616 Russell St,94703
1617 Russell St,94703
1630 Russell St,94703
1632 Russell St,94703
1648 Russell St,94703
1919 Russell St,94703
1933 1/2 Russell St,94703
1942 Russell St,94703
2119 Russell St,94705
2147 Russell St,94705
2218 Russell St,94705
2238 Russell St,94705
2321 Russell St,94705
2331 Russell St,94705
2335 Russell St,94705
2410 Russell St,94705
2435 Russell St,94705
2500 Russell St,94705
2510 Russell St,94705
2638 Russell St,94705
2649 Russell St,94705
2970 Russell St,94705
3008 Russell St,94705
1325 Sacramento St,94702
1330 Sacramento St,94702
1904 Sacramento St,94702
2114 Sacramento St,94702
2120 Sacramento St,94702
2124 Sacramento St,94702
2132 Sacramento St,94702
2138 Sacramento St,94702
2146 Sacramento St,94702
2206 Sacramento St,94702
2208 Sacramento St,94702
2212 Sacramento St,94702
2214 Sacramento St,94702
2216 Sacramento St,94702
2220 Sacramento St,94702
2235 Sacramento St,94702
2405 Sacramento St,94702
2414 Sacramento St,94702
2924 Sacramento St,94702
2972 Sacramento St,94702
3049 Sacramento St,94702
3240 Sacramento St,94702
3306 Sacramento St,94702
1611 San Pablo Ave,94702
1641 San Pablo Ave,94702
1644 San Pablo Ave,94702
1648 San Pablo Ave,94702
1650 San Pablo Ave,94702
1654 San Pablo Ave,94702
1732 San Pablo Ave,94702
1808 San Pablo Ave,94702
1828 San Pablo Ave,94702
1931 San Pablo Ave,94702
1970 San Pablo Ave,94702
2111 San Pablo Ave,94702
2212 San Pablo Ave,94702
2213 1/2 San Pablo Ave,94702
2228 San Pablo Ave,94702
2295 San Pablo Ave,94702
2511 San Pablo Ave,94702
2521 San Pablo Ave,94702
2530 San Pablo Ave,94702
2577 San Pablo Ave,94702
2649 San Pablo Ave,94702
2700 San Pablo Ave,94702
2801 San Pablo Ave,94702
2822 San Pablo Ave,94702
3015 San Pablo Ave,94702
3037 San Pablo Ave,94702
1358 Scenic Ave,94708
1635 Scenic Ave,94709
1682 Scenic Ave,94709
1684 Scenic Ave,94709
1226 Shattuck Ave,94709
1300 Shattuck Ave,94709
1318 Shattuck Ave,94709
1322 Shattuck Ave,94709
1326 Shattuck Ave,94709
1329 Shattuck Ave,94709
1332 Shattuck Ave,94709
1333 Shattuck Ave,94709
1337 Shattuck Ave,94709
1338 Shattuck Ave,94709
1371 Shattuck Ave,94709
1385 Shattuck Ave,94709
1400 Shattuck Ave,94709
1509 Shattuck Ave,94709
1511 Shattuck Ave,94709
1513 Shattuck Ave,94709
1521 Shattuck Ave,94709
1525 Shattuck Ave,94709
1531 Shattuck Ave,94709
1535 Shattuck Ave,94709
1543 Shattuck Ave,94709
1600 Shattuck Ave,94709
1625 Shattuck Ave,94709
1700 Shattuck Ave,94709
1708 Shattuck Ave,94709
1709 Shattuck Ave,94709
1725 Shattuck Ave,94709
1797 Shattuck Ave,94709
1801 Shattuck Ave,94709
1849 Shattuck Ave,94709
1930 Shattuck Ave,94704
2039 Shattuck Ave,94704
2109 Shattuck Ave,94704
2117 Shattuck Ave,94704
2140 Shattuck Ave,94704
2150 Shattuck Ave,94704
2161 Shattuck Ave,94704
2168 Shattuck Ave,94704
2171 Shattuck Ave,94704
2270 Shattuck Ave,94704
2322 Shattuck Ave,94704
2352 Shattuck Ave,94704
2397 Shattuck Ave,94704
2425 Shattuck Ave,94704
2437 Shattuck Ave,94704
2484 Shattuck Ave,94704
2571 Shattuck Ave,94704
2807 Shattuck Ave,94705
2813 Shattuck Ave,94705
2930 Shattuck Ave,94705
2991 Shattuck Ave,94705
3011 Shattuck Ave,94705
3025 Shattuck Ave,94705
3045 Shattuck Ave,94705
3049 Shattuck Ave,94705
3113 Shattuck Ave,94705
15 Shattuck Sq,94704
46 Shattuck Sq,94704
64 Shattuck Sq,94704
3002 Smyth Rd,94720
3010 Smyth Rd,94720
3020 Smyth Rd,94720
3024 Smyth Rd,94720
3030 Smyth Rd,94720
3040 Smyth Rd,94720
394 Soda Hall,94720
1501 Solano Ave,94707
1525 Solano Ave,94707
1551 Solano Ave,94707
1580 Solano Ave,94707
1581 Solano Ave,94707
1650 Solano Ave,94707
1654 Solano Ave,94707
1685 Solano Ave,94707
1700 Solano Ave,94707
1715 Solano Ave,94707
1730 Solano Ave,94707
1737 Solano Ave,94707
1760 Solano Ave,94707
1820 Solano Ave,94707
1831 Solano Ave,94707
1859 Solano Ave,94707
1621 Sonoma Ave,94707
1 South Anx,94720
102 South,94720
2110 Spaulding Ave,94703
2118 Spaulding Ave,94703
2123 Spaulding Ave,94703
2127 Spaulding Ave,94703
2133 Spaulding Ave,94703
2225 Spaulding Ave,94703
2249 Spaulding Ave,94703
2424 Spaulding Ave,94703
25 Sports Ln,94720
1 Sproul Hall,94720
101 Sproul Hall,94720
102 Sproul Hall,94720
110 Sproul Hall,94720
127 Sproul Hall,94720
201 Sproul Hall,94720
205 Sproul Hall,94720
210 Sproul Hall,94720
212 Sproul Hall,94720
221 Sproul Hall,94720
303 Sproul Hall,94720
309 Sproul Hall,94720
326 Sproul Hall,94720
403 Sproul Hall,94720
1315 Spruce St,94709
1321 Spruce St,94709
1411 Spruce St,94709
1417 Spruce St,94709
1426 Spruce St,94709
1429 Spruce St,94709
1433 Spruce St,94709
1455 Spruce St,94709
1525 Spruce St,94709
1543 Spruce St,94709
1569 Spruce St,94709
1700 Spruce St,94709
1715 Spruce St,94709
1720 Spruce St,94709
1731 Spruce St,94709
1734 Spruce St,94709
1735 Spruce St,94709
1738 Spruce St,94709
1742 Spruce St,94709
1780 Spruce St,94709
1781 Spruce St,94709
1785 Spruce St,94709
1786 Spruce St,94709
1800 Spruce St,94709
1801 Spruce St,94709
1815 Spruce St,94709
1820 Spruce St,94709
1846 Spruce St,94709
1856 Spruce St,94709
306 Stanley Hall,94720
1639 Stannage Ave,94702
2915 Stanton St,94702
2918 Stanton St,94702
2920 Stanton St,94702
2922 Stanton St,94702
2926 Stanton St,94702
2931 Stanton St,94702
2933 Stanton St,94702
2950 Stanton St,94702
1301 Station,94720
10 Stephens Hall,94720
160 Stephens Hall,94720
220 Stephens Hall,94720
230 Stephens Hall,94720
260 Stephens Hall,94720
30 Stephens Hall,94720
320 Stephens Hall,94720
324 Stephens Hall,94720
356 Stephens Hall,94720
371 Stephens Hall,94720
460 Stephens Hall,94720
543 Stephens Hall,94720
1 Stern Hall,94720
1 Strawberry Cyn,94720
1501 Stuart St,94703
1511 Stuart St,94703
1512 Stuart St,94703
1600 Stuart St,94703
1609 Stuart St,94703
1638 Stuart St,94703
1730 Stuart St,94703
1736 Stuart St,94703
1738 Stuart St,94703
1927 Stuart St,94703
1933 Stuart St,94703
1936 Stuart St,94703
1939 Stuart St,94703
1945 Stuart St,94703
2012 Stuart St,94703
2108 Stuart St,94705
2110 Stuart St,94705
2116 Stuart St,94705
2145 Stuart St,94705
2147 Stuart St,94705
2149 Stuart St,94705
2410 Stuart St,94705
2412 Stuart St,94705
2525 Stuart St,94705
2615 Stuart St,94705
2620 Stuart St,94705
2703 Stuart St,94705
2745 Stuart St,94705
545 Student Services Bldg,94720
430S Student Services,94720
545S Student Services,94720
266 Sutardja Dai Hall,94720
345 Sutardja Dai Hall,94720
520 Sutardja Dai Hall,94720
2414 Telegraph Ave,94704
2511 Telegraph Ave,94704
2550 Telegraph Ave,94704
2556 Telegraph Ave,94704
2566 Telegraph Ave,94704
2597 Telegraph Ave,94704
2615 Telegraph Ave,94704
2616 Telegraph Ave,94704
2628 Telegraph Ave,94704
2636 Telegraph Ave,94704
2640 Telegraph Ave,94704
2718 Telegraph Ave,94705
2809 Telegraph Ave,94705
2818 Telegraph Ave,94705
2826 Telegraph Ave,94705
2850 Telegraph Ave,94705
2855 Telegraph Ave,94705
2900 Telegraph Ave,94705
2906 Telegraph Ave,94705
2915 Telegraph Ave,94705
2975 Telegraph Ave,94705
3001 Telegraph Ave,94705
3017 Telegraph Ave,94705
3021 Telegraph Ave,94705
3031 Telegraph Ave,94705
3040 Telegraph Ave,94705
3044 Telegraph Ave,94705
3045 Telegraph Ave,94705
3101 Telegraph Ave,94705
3109 Telegraph Ave,94705
3120 Telegraph Ave,94705
908 The Alameda,94707
921 The Alameda,94707
925 The Alameda,94707
1121 Tolman Hall,94720
1501 Tolman Hall,94720
1600 Tolman Hall,94720
3210 Tolman Hall,94720
4143 Tolman Hall,94720
1512 Tyler St,94703
1529 Tyler St,94703
1532 Tyler St,94703
1534 Tyler St,94703
1542 Tyler St,94703
1548 Tyler St,94703
1600 Tyler St,94703
1628 Tyler St,94703
1630 Tyler St,94703
1632 Tyler St,94703
1650 Tyler St,94703
1661 Tyler St,94703
1 Uc Berkeley Campus,94704
1017 University Ave,94710
1021 University Ave,94710
1040 University Ave,94710
1114 University Ave,94702
1122 University Ave,94702
1132 University Ave,94702
1150 University Ave,94702
1176 University Ave,94702
1180 University Ave,94702
125 University Ave,94710
1275 University Ave,94702
1280 University Ave,94702
1330 University Ave,94702
1337 University Ave,94702
1370 University Ave,94702
1414 University Ave,94702
1441 University Ave,94702
1447 University Ave,94702
1450 University Ave,94702
1472 University Ave,94702
1482 University Ave,94702
1531 University Ave,94703
1589 University Ave,94703
1614 University Ave,94703
1617 University Ave,94703
1627 University Ave,94703
1630 University Ave,94703
1702 University Ave,94703
1709 University Ave,94703
1716 University Ave,94703
1717 University Ave,94703
1721 University Ave,94703
1801 University Ave,94703
1812 University Ave,94703
1835 University Ave,94703
1904 University Ave,94704
1918 University Ave,94704
1924 University Ave,94704
1936 University Ave,94704
1941 University Ave,94704
1942 University Ave,94704
1950 University Ave,94704
1960 University Ave,94704
1962 University Ave,94704
1995 University Ave,94704
2004 University Ave,94704
2024 University Ave,94704
2029 University Ave,94704
2054 University Ave,94704
2070 University Ave,94704
2119 University Ave,94704
2131 University Ave,94704
650 University Ave,94710
811 University Ave,94710
814 University Ave,94710
101 University Hall,94720
102 University Hall,94720
127 University Hall,94720
130 University Hall,94720
131 University Hall,94720
140 University Hall,94720
171 University Hall,94720
191 University Hall,94720
192 University Hall,94720
207 University Hall,94720
317 University Hall,94720
319 University Hall,94720
41 University Hall,94720
417 University Hall,94720
451 University Hall,94720
50 University Hall,94720
570 University Hall,94720
611 University Hall,94720
615 University Hall,94720
641 University Hall,94720
650 University Hall,94720
70 University Hall,94720
1001 Valley Life Sciences Bldg,94720
1101 Valley Life Sciences Bldg,94720
1170 Valley Life Sciences Bldg,94720
3060 Valley Life Sciences Bldg,94720
3101 Valley Life Sciences Bldg,94720
2316 Valley St,94702
1735 Vine St,94703
1825 Vine St,94703
1930 Vine St,94709
2005 Vine St,94709
2024 Vine St,94709
2037 Vine St,94709
2046 Vine St,94709
2110 Vine St,94709
2111 Vine St,94709
2162 Vine St,94709
1117 Virginia St,94702
1317 Virginia St,94702
1615 Virginia St,94703
1737 Virginia St,94703
1816 Virginia St,94703
1818 Virginia St,94703
1820 Virginia St,94703
1902 Virginia St,94709
1903 Virginia St,94709
1922 Virginia St,94709
2014 Virginia St,94709
2022 Virginia St,94709
2112 Virginia St,94709
2141 Virginia St,94709
2201 Virginia St,94709
2210 Virginia St,94709
2301 Virginia St,94709
2365 Virginia St,94709
2366 Virginia St,94709
2371 Virginia St,94709
2377 Virginia St,94709
2393 Virginia St,94709
2420 Virginia St,94709
2444 Virginia St,94709
2466 Virginia St,94709
2477 Virginia St,94709
2479 Virginia St,94709
2480 Virginia St,94709
2505 Virginia St,94709
2511 Virginia St,94709
2517 Virginia St,94709
2555 Virginia St,94709
2564 Virginia St,94709
2600 Virginia St,94709
2634 Virginia St,94709
2711 Virginia St,94709
2708 Walker St,94705
1334 Walnut St,94709
1401 Walnut St,94709
1421 Walnut St,94709
1423 Walnut St,94709
1440 Walnut St,94709
1444 Walnut St,94709
1502 Walnut St,94709
1508 Walnut St,94709
1510 Walnut St,94709
1517 Walnut St,94709
1519 Walnut St,94709
1528 Walnut St,94709
1550 Walnut St,94709
1605 Walnut St,94709
1607 Walnut St,94709
1608 Walnut St,94709
1612 Walnut St,94709
1618 Walnut St,94709
1619 Walnut St,94709
1631 Walnut St,94709
1632 Walnut St,94709
1640 Walnut St,94709
1647 Walnut St,94709
1700 Walnut St,94709
1710 Walnut St,94709
1722 Walnut St,94709
1728 Walnut St,94709
1740 Walnut St,94709
1750 Walnut St,94709
1760 Walnut St,94709
1798 Walnut St,94709
1801 Walnut St,94720
1806 Walnut St,94709
1818 Walnut St,94709
1921 Walnut St,94704
1925 Walnut St,94720
1930 Walnut St,94704
1437 Ward St,94702
1500 Ward St,94703
1616 Ward St,94703
1704 Ward St,94703
1710 Ward St,94703
1712 Ward St,94703
1717 Ward St,94703
1725 Ward St,94703
1727 Ward St,94703
1824 Ward St,94703
2114 Ward St,94705
2210 Ward St,94705
2231 Ward St,94705
2307 Ward St,94705
2316 Ward St,94705
2318 Ward St,94705
2319 Ward St,94705
2339 Ward St,94705
2340 Ward St,94705
2401 Ward St,94705
2407 Ward St,94705
2411 Ward St,94705
2308 Warring St,94704
2330 Warring St,94704
2433 Warring St,94704
2437 Warring St,94704
2450 Warring St,94704
2461 Warring St,94704
2467 Warring St,94704
2546 Warring St,94704
2601 Warring St,94720
2614 Warring St,94704
2632 Warring St,94704
2636 Warring St,94704
2638 Warring St,94704
2321 Webster St,94705
2325 Webster St,94705
2417 Webster St,94705
2431 Webster St,94705
2435 Webster St,94705
2510 Webster St,94705
2609 Webster St,94705
2612 Webster St,94705
2630 Webster St,94705
2641 Webster St,94705
2705 Webster St,94705
2708 Webster St,94705
2716 Webster St,94705
2802 Webster St,94705
2837 Webster St,94705
201 Wellman Hall,94720
1806 West St,94702
1810 West St,94702
1820 West St,94702
2113 West St,94702
112 Wheeler Hall,94720
120 Wheeler Hall,94720
22 Wheeler Hall,94720
319 Wheeler Hall,94720
322 Wheeler Hall,94720
2904 Wheeler St,94705
2910 Wheeler St,94705
2915 Wheeler St,94705
2923 Wheeler St,94705
2925 Wheeler St,94705
1513 Woolsey St,94703
1515 Woolsey St,94703
1520 Woolsey St,94703
1522 Woolsey St,94703
1524 Woolsey St,94703
1528 Woolsey St,94703
1610 Woolsey St,94703
1614 Woolsey St,94703
1622 Woolsey St,94703
1624 Woolsey St,94703
1625 Woolsey St,94703
1627 Woolsey St,94703
1628 Woolsey St,94703
1632 Woolsey St,94703
1638 Woolsey St,94703
1811 Woolsey St,94703
1816 Woolsey St,94703
1900 Woolsey St,94703
1908 Woolsey St,94703
1912 Woolsey St,94703
2130 Woolsey St,94705
2140 Woolsey St,94705
2206 Woolsey St,94705
2308 Woolsey St,94705
2311 Woolsey St,94705
2320 Woolsey St,94705
2325 Woolsey St,94705
2360 Woolsey St,94705
2611 Woolsey St,94705
2638 Woolsey St,94705
2700 Woolsey St,94705
2703 Woolsey St,94705
2733 Woolsey St,94705
2842 Woolsey St,94705
6699 Woolsey St,94705
202 Wurster Hall,94720
228 Wurster Hall,94720
230 Wurster Hall,94720
232 Wurster Hall,94720
316 Wurster Hall,94720
370 Wurster Hall,94720
390 Wurster Hall,94720
477 Wurster Hall,94720
101 Zellerbach Hall,94720
